game_date,home_team,visitor_team,home_pts,visitor_pts
2023-11-03,CLE,IND,116.0,121.0
2023-11-03,NYK,MIL,105.0,110.0
2023-11-03,WAS,MIA,114.0,121.0
2023-11-03,BKN,CHI,109.0,107.0
2023-11-03,GSW,OKC,141.0,139.0
2023-11-03,DAL,DEN,114.0,125.0
2023-11-03,MEM,POR,113.0,115.0
2023-11-10,PHI,DET,114.0,106.0
2023-11-10,CHA,WAS,124.0,117.0
2023-11-10,BKN,BOS,107.0,121.0
2023-11-10,NOP,HOU,101.0,104.0
2023-11-10,UTA,MEM,127.0,121.0
2023-11-10,MIN,SAS,117.0,110.0
2023-11-10,LAC,DAL,126.0,144.0
2023-11-10,LAL,PHX,122.0,119.0
2023-11-10,OKC,SAC,98.0,105.0
2023-11-14,MIA,CHA,111.0,105.0
2023-11-14,ATL,DET,126.0,120.0
2023-11-14,IND,PHI,132.0,126.0
2023-11-14,ORL,BKN,104.0,124.0
2023-11-14,SAS,OKC,87.0,123.0
2023-11-14,DAL,NOP,110.0,131.0
2023-11-14,POR,UTA,99.0,115.0
2023-11-14,LAC,DEN,108.0,111.0
2023-11-14,MIN,GSW,104.0,101.0
2023-11-14,MEM,LAL,107.0,134.0
2023-11-17,MIL,CHA,130.0,99.0
2023-11-17,NYK,WAS,120.0,99.0
2023-11-17,PHI,ATL,126.0,116.0
2023-11-17,DET,CLE,100.0,108.0
2023-11-17,BOS,TOR,108.0,105.0
2023-11-17,SAC,SAS,129.0,120.0
2023-11-17,ORL,CHI,103.0,97.0
2023-11-17,DEN,NOP,110.0,115.0
2023-11-17,PHX,UTA,131.0,128.0
2023-11-17,LAL,POR,107.0,95.0
2023-11-17,HOU,LAC,100.0,106.0
2023-11-21,TOR,ORL,107.0,126.0
2023-11-21,IND,ATL,157.0,152.0
2023-11-21,CLE,PHI,122.0,119.0
2023-11-21,POR,PHX,107.0,120.0
2023-11-21,UTA,LAL,99.0,131.0
2023-11-24,BOS,ORL,96.0,113.0
2023-11-24,PHX,MEM,110.0,89.0
2023-11-24,MIA,NYK,98.0,100.0
2023-11-24,CHI,TOR,108.0,121.0
2023-11-24,DET,IND,113.0,136.0
2023-11-24,DEN,HOU,86.0,105.0
2023-11-24,WAS,MIL,128.0,131.0
2023-11-24,SAC,MIN,124.0,111.0
2023-11-24,SAS,GSW,112.0,118.0
2023-11-24,NOP,LAC,116.0,106.0
2023-11-28,CHI,BOS,97.0,124.0
2023-11-28,TOR,BKN,103.0,115.0
2023-11-28,ATL,CLE,105.0,128.0
2023-11-28,MIL,MIA,131.0,124.0
2023-11-28,CHA,NYK,91.0,115.0
2023-11-28,OKC,MIN,103.0,106.0
2023-11-28,HOU,DAL,115.0,121.0
2023-11-28,GSW,SAC,123.0,124.0
2023-10-24,LAL,DEN,107.0,119.0
2023-10-24,PHX,GSW,108.0,104.0
2023-10-25,ATL,CHA,110.0,116.0
2023-10-25,WAS,IND,120.0,143.0
2023-10-25,BOS,NYK,108.0,104.0
2023-10-25,HOU,ORL,86.0,116.0
2023-10-25,CLE,BKN,114.0,113.0
2023-10-25,DET,MIA,102.0,103.0
2023-10-25,MIN,TOR,94.0,97.0
2023-10-25,OKC,CHI,124.0,104.0
2023-10-25,NOP,MEM,111.0,104.0
2023-10-25,SAC,UTA,130.0,114.0
2023-10-25,DAL,SAS,126.0,119.0
2023-10-25,POR,LAC,111.0,123.0
2023-10-26,PHI,MIL,117.0,118.0
2023-10-26,PHX,LAL,95.0,100.0
2023-10-27,DET,CHA,111.0,99.0
2023-10-27,DEN,MEM,108.0,104.0
2023-10-27,NYK,ATL,126.0,120.0
2023-10-27,MIA,BOS,111.0,119.0
2023-10-27,OKC,CLE,108.0,105.0
2023-10-27,TOR,CHI,103.0,104.0
2023-10-27,HOU,SAS,122.0,126.0
2023-10-27,BKN,DAL,120.0,125.0
2023-10-27,LAC,UTA,118.0,120.0
2023-10-27,ORL,POR,102.0,97.0
2023-10-27,GSW,SAC,122.0,114.0
2023-10-28,CHI,DET,102.0,118.0
2023-10-28,MEM,WAS,106.0,113.0
2023-10-28,NYK,NOP,87.0,96.0
2023-10-28,IND,CLE,125.0,113.0
2023-10-28,PHI,TOR,114.0,107.0
2023-10-28,MIA,MIN,90.0,106.0
2023-10-28,UTA,PHX,104.0,126.0
2023-10-29,DEN,OKC,128.0,95.0
2023-10-29,GSW,HOU,106.0,95.0
2023-10-29,ATL,MIL,127.0,110.0
2023-10-29,POR,PHI,98.0,126.0
2023-10-29,SAS,LAC,83.0,123.0
2023-10-29,LAL,SAC,127.0,132.0
2023-10-30,BKN,CHA,133.0,121.0
2023-10-30,CHI,IND,112.0,105.0
2023-10-30,BOS,WAS,126.0,107.0
2023-10-30,MIN,ATL,113.0,127.0
2023-10-30,POR,TOR,99.0,91.0
2023-10-30,DAL,MEM,125.0,110.0
2023-10-30,MIA,MIL,114.0,122.0
2023-10-30,GSW,NOP,130.0,102.0
2023-10-30,DET,OKC,112.0,124.0
2023-10-30,UTA,DEN,102.0,110.0
2023-10-30,ORL,LAL,103.0,106.0
2023-10-31,NYK,CLE,109.0,91.0
2023-10-31,SAS,PHX,115.0,114.0
2023-10-31,ORL,LAC,102.0,118.0
2023-11-01,POR,DET,110.0,101.0
2023-11-01,MIL,TOR,111.0,130.0
2023-11-01,WAS,ATL,121.0,130.0
2023-11-01,IND,BOS,104.0,155.0
2023-11-01,BKN,MIA,109.0,105.0
2023-11-01,CLE,NYK,95.0,89.0
2023-11-01,NOP,OKC,110.0,106.0
2023-11-01,CHA,HOU,119.0,128.0
2023-11-01,DEN,MIN,89.0,110.0
2023-11-01,CHI,DAL,105.0,114.0
2023-11-01,MEM,UTA,109.0,133.0
2023-11-01,SAC,GSW,101.0,102.0
2023-11-01,LAC,LAL,125.0,130.0
2023-11-02,TOR,PHI,99.0,114.0
2023-11-02,DET,NOP,116.0,125.0
2023-11-02,ORL,UTA,115.0,113.0
2023-11-02,SAS,PHX,132.0,121.0
2023-11-04,PHX,PHI,100.0,112.0
2023-11-04,CHA,IND,125.0,124.0
2023-11-04,LAL,ORL,101.0,120.0
2023-11-04,ATL,NOP,123.0,105.0
2023-11-04,BOS,BKN,124.0,114.0
2023-11-04,SAC,HOU,89.0,107.0
2023-11-04,UTA,MIN,95.0,123.0
2023-11-04,CHI,DEN,101.0,123.0
2023-11-05,PHX,DET,120.0,106.0
2023-11-05,TOR,SAS,123.0,116.0
2023-11-05,GSW,CLE,104.0,115.0
2023-11-05,CHA,DAL,118.0,124.0
2023-11-05,MEM,POR,112.0,100.0
2023-11-06,GSW,DET,120.0,109.0
2023-11-06,SAS,IND,111.0,152.0
2023-11-06,DAL,ORL,117.0,102.0
2023-11-06,WAS,PHI,128.0,146.0
2023-11-06,MIL,BKN,129.0,125.0
2023-11-06,LAL,MIA,107.0,108.0
2023-11-06,LAC,NYK,97.0,111.0
2023-11-06,UTA,CHI,113.0,130.0
2023-11-06,SAC,HOU,97.0,122.0
2023-11-06,BOS,MIN,109.0,114.0
2023-11-06,ATL,OKC,117.0,126.0
2023-11-06,NOP,DEN,116.0,134.0
2023-11-08,WAS,CHA,132.0,116.0
2023-11-08,UTA,IND,118.0,134.0
2023-11-08,BOS,PHI,103.0,106.0
2023-11-08,LAC,BKN,93.0,100.0
2023-11-08,SAS,NYK,105.0,126.0
2023-11-08,PHX,CHI,116.0,115.0
2023-11-08,LAL,HOU,94.0,128.0
2023-11-08,MIA,MEM,108.0,102.0
2023-11-08,DET,MIL,118.0,120.0
2023-11-08,NOP,MIN,101.0,122.0
2023-11-08,CLE,OKC,120.0,128.0
2023-11-08,TOR,DAL,127.0,116.0
2023-11-08,GSW,DEN,105.0,108.0
2023-11-08,POR,SAC,118.0,121.0
2023-11-09,MIL,IND,124.0,126.0
2023-11-09,ATL,ORL,120.0,119.0
2023-11-11,MIL,ORL,97.0,112.0
2023-11-11,TOR,BOS,94.0,117.0
2023-11-11,MIA,ATL,117.0,109.0
2023-11-11,CLE,GSW,118.0,110.0
2023-11-12,CHA,NYK,107.0,129.0
2023-11-12,WAS,BKN,94.0,102.0
2023-11-12,MEM,LAC,105.0,101.0
2023-11-12,IND,PHI,126.0,137.0
2023-11-12,DET,CHI,108.0,119.0
2023-11-12,DEN,HOU,104.0,107.0
2023-11-12,DAL,NOP,136.0,124.0
2023-11-12,MIA,SAS,118.0,113.0
2023-11-12,OKC,PHX,111.0,99.0
2023-11-12,MIN,GSW,116.0,110.0
2023-11-12,POR,LAL,110.0,116.0
2023-11-13,NYK,BOS,98.0,114.0
2023-11-13,WAS,TOR,107.0,111.0
2023-11-13,CHI,MIL,109.0,118.0
2023-11-13,CLE,SAC,120.0,132.0
2023-11-15,DAL,WAS,130.0,117.0
2023-11-15,NYK,ATL,116.0,114.0
2023-11-15,BOS,PHI,117.0,107.0
2023-11-15,MIL,TOR,128.0,112.0
2023-11-15,ORL,CHI,96.0,94.0
2023-11-15,MIN,PHX,115.0,133.0
2023-11-15,SAC,LAL,125.0,110.0
2023-11-15,CLE,POR,109.0,95.0
2023-11-16,BKN,MIA,115.0,122.0
2023-11-16,OKC,GSW,128.0,109.0
2023-11-18,NYK,CHA,122.0,108.0
2023-11-18,MIN,NOP,121.0,120.0
2023-11-18,MIA,CHI,97.0,102.0
2023-11-18,DAL,MIL,125.0,132.0
2023-11-18,MEM,SAS,120.0,108.0
2023-11-18,OKC,GSW,130.0,123.0
2023-11-19,PHI,BKN,121.0,99.0
2023-11-19,ORL,IND,128.0,116.0
2023-11-19,DEN,CLE,109.0,121.0
2023-11-19,DET,TOR,113.0,142.0
2023-11-19,SAC,DAL,129.0,113.0
2023-11-19,BOS,MEM,102.0,100.0
2023-11-19,PHX,UTA,140.0,137.0
2023-11-19,OKC,POR,134.0,91.0
2023-11-19,HOU,LAL,104.0,105.0
2023-11-20,BOS,CHA,118.0,121.0
2023-11-20,DEN,DET,107.0,103.0
2023-11-20,MIL,WAS,142.0,129.0
2023-11-20,MIA,CHI,118.0,100.0
2023-11-20,NYK,MIN,100.0,117.0
2023-11-20,SAC,NOP,93.0,129.0
2023-11-20,LAC,SAS,124.0,99.0
2023-11-20,HOU,GSW,116.0,121.0
2023-11-22,WAS,CHA,114.0,117.0
2023-11-22,DEN,ORL,119.0,124.0
2023-11-22,BKN,ATL,145.0,147.0
2023-11-22,MIL,BOS,116.0,119.0
2023-11-22,MIA,CLE,129.0,96.0
2023-11-22,TOR,IND,132.0,131.0
2023-11-22,MEM,HOU,91.0,111.0
2023-11-22,PHI,MIN,99.0,112.0
2023-11-22,SAC,NOP,112.0,117.0
2023-11-22,CHI,OKC,102.0,116.0
2023-11-22,LAC,SAS,109.0,102.0
2023-11-22,GSW,PHX,115.0,123.0
2023-11-22,UTA,POR,105.0,121.0
2023-11-22,DAL,LAL,104.0,101.0
2023-11-25,PHI,OKC,127.0,123.0
2023-11-25,MIA,BKN,97.0,112.0
2023-11-25,ATL,WAS,136.0,108.0
2023-11-25,LAL,CLE,121.0,115.0
2023-11-25,NOP,UTA,100.0,105.0
2023-11-25,DAL,LAC,88.0,107.0
2023-11-26,POR,MIL,102.0,108.0
2023-11-26,ATL,BOS,103.0,113.0
2023-11-26,PHX,NYK,116.0,113.0
2023-11-26,CHA,ORL,117.0,130.0
2023-11-26,MIN,MEM,119.0,97.0
2023-11-26,CHI,BKN,109.0,118.0
2023-11-26,TOR,CLE,102.0,105.0
2023-11-26,SAS,DEN,120.0,132.0
2023-11-27,WAS,DET,126.0,107.0
2023-11-27,POR,IND,114.0,110.0
2023-11-27,LAL,PHI,94.0,138.0
2023-11-27,NOP,UTA,112.0,114.0
2023-11-27,DEN,LAC,113.0,104.0
2023-11-29,LAL,DET,133.0,107.0
2023-11-29,WAS,ORL,120.0,139.0
2023-11-29,PHX,TOR,105.0,112.0
2023-11-29,UTA,MEM,91.0,105.0
2023-11-29,PHI,NOP,114.0,124.0
2023-11-29,HOU,DEN,124.0,134.0
2023-11-29,LAC,SAC,131.0,117.0
2023-11-30,POR,CLE,103.0,95.0
2023-11-30,CHA,BKN,129.0,128.0
2023-11-30,IND,MIA,132.0,142.0
2023-11-30,DET,NYK,112.0,118.0
2023-11-30,MIL,CHI,113.0,120.0
2023-11-30,UTA,MIN,90.0,101.0
2023-11-30,LAL,OKC,110.0,133.0
2023-11-30,ATL,SAS,137.0,135.0
2023-11-30,LAC,GSW,114.0,120.0
2023-12-01,WAS,ORL,125.0,130.0
2023-12-01,PHI,BOS,119.0,125.0
2023-12-01,NYK,TOR,119.0,106.0
2023-12-01,MEM,DAL,108.0,94.0
2023-12-01,SAS,NOP,106.0,121.0
2023-12-01,DEN,PHX,119.0,111.0
2023-12-02,GSW,LAC,112.0,113.0
2023-12-02,MIN,CHA,123.0,117.0
2023-12-02,ORL,BKN,101.0,129.0
2023-12-02,CLE,DET,110.0,101.0
2023-12-02,IND,MIA,144.0,129.0
2023-12-02,NOP,CHI,118.0,124.0
2023-12-02,ATL,MIL,121.0,132.0
2023-12-02,OKC,DAL,126.0,120.0
2023-12-02,MEM,PHX,109.0,116.0
2023-12-02,POR,UTA,113.0,118.0
2023-12-02,DEN,SAC,117.0,123.0
2023-12-02,HOU,LAL,97.0,107.0
2023-12-11,MIA,CHA,116.0,114.0
2023-12-11,IND,DET,131.0,123.0
2023-12-11,CLE,ORL,94.0,104.0
2023-12-11,WAS,PHI,101.0,146.0
2023-12-11,DEN,ATL,129.0,122.0
2023-12-11,TOR,NYK,130.0,136.0
2023-12-11,SAS,HOU,82.0,93.0
2023-12-11,DAL,MEM,120.0,113.0
2023-12-11,CHI,MIL,129.0,133.0
2023-12-11,MIN,NOP,107.0,121.0
2023-12-11,UTA,OKC,120.0,134.0
2023-12-11,BKN,SAC,118.0,131.0
2023-12-11,POR,LAC,127.0,132.0
2023-12-12,CLE,BOS,113.0,120.0
2023-12-12,LAL,DAL,125.0,127.0
2023-12-12,DEN,CHI,114.0,106.0
2023-12-12,GSW,PHX,116.0,119.0
2023-12-12,SAC,LAC,99.0,119.0
2023-12-13,PHI,DET,129.0,111.0
2023-12-13,NOP,WAS,142.0,122.0
2023-12-13,CHA,MIA,104.0,115.0
2023-12-13,ATL,TOR,128.0,135.0
2023-12-13,MEM,HOU,104.0,117.0
2023-12-13,IND,MIL,126.0,140.0
2023-12-13,LAL,SAS,122.0,119.0
2023-12-13,BKN,PHX,116.0,112.0
2023-12-13,NYK,UTA,113.0,117.0
2023-12-14,CLE,BOS,107.0,116.0
2023-12-14,CHI,MIA,124.0,116.0
2023-12-14,MIN,DAL,119.0,101.0
2023-12-14,BKN,DEN,101.0,124.0
2023-12-14,UTA,POR,122.0,114.0
2023-12-14,OKC,SAC,123.0,128.0
2023-12-14,GSW,LAC,113.0,121.0
2023-12-15,NOP,CHA,112.0,107.0
2023-12-15,DET,PHI,92.0,124.0
2023-12-15,IND,WAS,123.0,137.0
2023-12-15,ORL,BOS,111.0,128.0
2023-12-15,ATL,TOR,125.0,104.0
2023-12-15,LAL,SAS,115.0,129.0
2023-12-15,HOU,MEM,103.0,96.0
2023-12-15,NYK,PHX,139.0,122.0
2023-12-16,DET,MIL,114.0,146.0
2023-12-16,PHI,CHA,135.0,82.0
2023-12-16,ATL,CLE,119.0,127.0
2023-12-16,CHI,MIA,116.0,118.0
2023-12-16,IND,MIN,109.0,127.0
2023-12-16,BKN,GSW,120.0,124.0
2023-12-16,OKC,DEN,118.0,117.0
2023-12-16,DAL,POR,131.0,120.0
2023-12-16,UTA,SAC,104.0,125.0
2023-12-16,NYK,LAC,122.0,144.0
2023-12-17,ORL,BOS,97.0,114.0
2023-12-17,NOP,SAS,146.0,110.0
2023-12-17,HOU,MIL,119.0,128.0
2023-12-17,WAS,PHX,108.0,112.0
2023-12-17,GSW,POR,118.0,114.0
2023-12-18,HOU,CLE,130.0,135.0
2023-12-18,LAC,IND,151.0,127.0
2023-12-18,CHI,PHI,108.0,104.0
2023-12-18,DET,ATL,124.0,130.0
2023-12-18,MIN,MIA,112.0,108.0
2023-12-18,CHA,TOR,99.0,114.0
2023-12-18,MEM,OKC,97.0,116.0
2023-12-18,DAL,DEN,104.0,130.0
2023-12-18,BKN,UTA,108.0,125.0
2023-12-18,WAS,SAC,131.0,143.0
2023-12-18,NYK,LAL,114.0,109.0
2023-12-19,MEM,NOP,115.0,113.0
2023-12-19,SAS,MIL,119.0,132.0
2023-12-19,BOS,GSW,126.0,132.0
2023-12-19,PHX,POR,104.0,109.0
2023-12-20,UTA,CLE,116.0,124.0
2023-12-20,CHA,IND,113.0,144.0
2023-12-20,MIA,ORL,115.0,106.0
2023-12-20,MIN,PHI,113.0,127.0
2023-12-20,NYK,BKN,121.0,102.0
2023-12-20,DEN,TOR,113.0,104.0
2023-12-20,LAL,CHI,108.0,124.0
2023-12-20,ATL,HOU,134.0,127.0
2023-12-20,LAC,DAL,120.0,111.0
2023-12-20,BOS,SAC,144.0,119.0
2023-12-21,UTA,DET,119.0,111.0
2023-12-21,NOP,CLE,123.0,104.0
2023-12-21,SAS,CHI,95.0,114.0
2023-12-21,IND,MEM,103.0,116.0
2023-12-21,ORL,MIL,114.0,118.0
2023-12-21,LAC,OKC,115.0,134.0
2023-12-21,LAL,MIN,111.0,118.0
2023-12-21,WAS,POR,118.0,117.0
2023-12-22,TOR,PHI,111.0,121.0
2023-12-22,DEN,BKN,122.0,117.0
2023-12-22,ATL,MIA,113.0,122.0
2023-12-22,DAL,HOU,96.0,122.0
2023-12-22,WAS,GSW,118.0,129.0
2023-12-22,PHX,SAC,105.0,120.0
2023-12-23,MIL,NYK,130.0,111.0
2023-12-23,BOS,LAC,145.0,108.0
2023-12-23,DEN,CHA,102.0,95.0
2023-12-23,ORL,IND,117.0,110.0
2023-12-23,HOU,NOP,106.0,104.0
2023-12-23,MEM,ATL,125.0,119.0
2023-12-23,DET,BKN,115.0,126.0
2023-12-23,UTA,TOR,126.0,119.0
2023-12-23,CLE,CHI,109.0,95.0
2023-12-23,LAL,OKC,129.0,120.0
2023-12-23,SAS,DAL,119.0,144.0
2023-12-23,POR,GSW,106.0,126.0
2023-12-23,MIN,SAC,110.0,98.0
2023-12-25,MIL,NYK,122.0,129.0
2023-12-25,GSW,DEN,114.0,120.0
2023-12-25,BOS,LAL,126.0,115.0
2023-12-25,PHI,MIA,113.0,119.0
2023-12-25,DAL,PHX,128.0,114.0
2023-12-26,BKN,DET,118.0,112.0
2023-12-26,ORL,WAS,127.0,119.0
2023-12-26,ATL,CHI,113.0,118.0
2023-12-26,IND,HOU,123.0,117.0
2023-12-26,MEM,NOP,116.0,115.0
2023-12-26,MIN,OKC,106.0,129.0
2023-12-26,UTA,SAS,130.0,118.0
2023-12-26,SAC,POR,113.0,130.0
2023-12-26,CHA,LAC,104.0,113.0
2023-12-27,PHI,ORL,112.0,92.0
2023-12-27,TOR,WAS,132.0,102.0
2023-12-27,MIL,BKN,144.0,122.0
2023-12-27,PHX,HOU,129.0,113.0
2023-12-27,NYK,OKC,120.0,129.0
2023-12-27,CLE,DAL,113.0,110.0
2023-12-28,DET,BOS,122.0,128.0
2023-12-28,IND,CHI,120.0,104.0
2023-12-28,DAL,MIN,110.0,118.0
2023-12-28,UTA,NOP,105.0,112.0
2023-12-28,MEM,DEN,105.0,142.0
2023-12-28,MIA,GSW,114.0,102.0
2023-12-28,SAS,POR,118.0,105.0
2023-12-28,CHA,LAL,112.0,133.0
2023-12-29,NYK,ORL,108.0,117.0
2023-12-29,BKN,WAS,104.0,110.0
2023-12-29,SAC,ATL,117.0,110.0
2023-12-29,TOR,BOS,118.0,120.0
2023-12-29,MIL,CLE,119.0,111.0
2023-12-29,PHI,HOU,131.0,127.0
2023-12-29,OKC,DEN,119.0,93.0
2023-12-29,CHA,PHX,119.0,133.0
2023-12-29,SAS,POR,128.0,134.0
2023-12-29,MEM,LAC,106.0,117.0
2023-12-30,MIA,UTA,109.0,117.0
2023-12-30,TOR,DET,127.0,129.0
2023-12-30,NYK,IND,126.0,140.0
2023-12-30,PHI,CHI,92.0,105.0
2023-12-30,LAL,MIN,106.0,108.0
2023-12-30,DAL,GSW,132.0,122.0
2023-12-31,ATL,WAS,130.0,126.0
2023-12-31,LAL,NOP,109.0,129.0
2023-12-31,BKN,OKC,108.0,124.0
2023-12-31,BOS,SAS,134.0,101.0
2023-12-31,SAC,MEM,123.0,92.0
2023-12-31,ORL,PHX,107.0,112.0
2024-01-01,MIN,NYK,106.0,112.0
2024-01-01,CLE,TOR,121.0,124.0
2024-01-01,DET,HOU,113.0,136.0
2024-01-01,IND,MIL,122.0,113.0
2024-01-01,CHA,DEN,93.0,111.0
2024-01-01,POR,PHX,88.0,109.0
2024-01-01,DAL,UTA,90.0,127.0
2024-01-01,MIA,LAC,104.0,121.0
2024-01-02,CHI,PHI,97.0,110.0
2024-01-02,SAS,MEM,98.0,106.0
2024-01-02,BKN,NOP,85.0,112.0
2024-01-02,BOS,OKC,123.0,127.0
2024-01-02,ORL,GSW,115.0,121.0
2024-01-02,CHA,SAC,111.0,104.0
2024-01-03,WAS,CLE,101.0,140.0
2024-01-03,MIL,IND,130.0,142.0
2024-01-03,OKC,ATL,138.0,141.0
2024-01-03,CHI,NYK,100.0,116.0
2024-01-03,BKN,HOU,101.0,112.0
2024-01-03,TOR,MEM,116.0,111.0
2024-01-03,NOP,MIN,117.0,106.0
2024-01-03,POR,DAL,97.0,126.0
2024-01-03,LAC,PHX,131.0,122.0
2024-01-03,DET,UTA,148.0,154.0
2024-01-03,MIA,LAL,110.0,96.0
2024-01-03,ORL,SAC,135.0,138.0
2024-01-04,MIL,SAS,125.0,121.0
2024-01-04,DEN,GSW,130.0,127.0
2024-01-05,UTA,BOS,97.0,126.0
2024-01-05,ATL,IND,116.0,150.0
2024-01-05,OKC,BKN,115.0,124.0
2024-01-05,WAS,CLE,90.0,114.0
2024-01-05,NYK,PHI,128.0,92.0
2024-01-05,CHA,CHI,91.0,104.0
2024-01-05,MIN,HOU,122.0,95.0
2024-01-05,LAC,NOP,111.0,95.0
2024-01-05,POR,DAL,103.0,139.0
2024-01-05,ORL,DEN,122.0,120.0
2024-01-05,MIA,PHX,97.0,113.0
2024-01-05,DET,GSW,109.0,113.0
2024-01-05,MEM,LAL,127.0,113.0
2024-01-05,TOR,SAC,130.0,135.0
2024-01-06,BOS,IND,118.0,101.0
2024-01-06,NYK,WAS,121.0,105.0
2024-01-06,UTA,PHI,120.0,109.0
2024-01-06,MIL,HOU,108.0,112.0
2024-01-07,SAS,CLE,115.0,117.0
2024-01-07,POR,BKN,134.0,127.0
2024-01-07,ATL,ORL,110.0,117.0
2024-01-07,NOP,SAC,133.0,100.0
2024-01-07,MIN,DAL,108.0,115.0
2024-01-07,DET,DEN,114.0,131.0
2024-01-07,MEM,PHX,121.0,115.0
2024-01-07,TOR,GSW,133.0,118.0
2024-01-07,LAC,LAL,103.0,106.0
2024-01-08,CHI,CHA,119.0,112.0
2024-01-08,BOS,IND,131.0,133.0
2024-01-08,OKC,WAS,136.0,128.0
2024-01-08,HOU,MIA,113.0,120.0
2024-01-08,UTA,MIL,132.0,116.0
2024-01-08,PHX,LAC,111.0,138.0
2024-01-09,SAC,DET,131.0,110.0
2024-01-09,MIN,ORL,113.0,92.0
2024-01-09,POR,NYK,84.0,112.0
2024-01-09,MEM,DAL,120.0,103.0
2024-01-09,TOR,LAL,131.0,132.0
2024-01-10,MIN,BOS,120.0,127.0
2024-01-10,SAC,CHA,123.0,98.0
2024-01-10,SAS,DET,130.0,108.0
2024-01-10,WAS,IND,104.0,112.0
2024-01-10,PHI,ATL,132.0,139.0
2024-01-10,OKC,MIA,128.0,120.0
2024-01-10,HOU,CHI,119.0,124.0
2024-01-10,DEN,UTA,111.0,124.0
2024-01-10,NOP,GSW,141.0,105.0
2024-01-10,TOR,LAC,120.0,126.0
2024-01-11,BKN,CLE,102.0,111.0
2024-01-11,BOS,MIL,102.0,135.0
2024-01-11,POR,OKC,77.0,139.0
2024-01-11,NYK,DAL,124.0,128.0
2024-01-11,PHX,LAL,127.0,109.0
2024-01-12,SAC,PHI,93.0,112.0
2024-01-12,IND,ATL,126.0,108.0
2024-01-12,HOU,DET,112.0,110.0
2024-01-12,ORL,MIA,96.0,99.0
2024-01-12,GSW,CHI,140.0,131.0
2024-01-12,LAC,MEM,128.0,119.0
2024-01-12,POR,MIN,93.0,116.0
2024-01-12,NOP,DEN,113.0,125.0
2024-01-12,TOR,UTA,113.0,145.0
2024-01-12,CHA,SAS,99.0,135.0
2024-01-13,HOU,BOS,113.0,145.0
2024-01-13,WAS,ATL,127.0,99.0
2024-01-13,NYK,MEM,106.0,94.0
2024-01-13,GSW,MIL,118.0,129.0
2024-01-13,ORL,OKC,100.0,112.0
2024-01-13,NOP,DAL,118.0,108.0
2024-01-13,CHI,SAS,122.0,116.0
2024-01-13,LAL,UTA,125.0,132.0
2024-01-14,IND,DEN,109.0,117.0
2024-01-14,CHA,MIA,87.0,104.0
2024-01-14,SAC,MIL,142.0,143.0
2024-01-14,LAC,MIN,105.0,109.0
2024-01-14,PHX,POR,127.0,116.0
2024-01-15,HOU,PHI,115.0,124.0
2024-01-15,NOP,DAL,120.0,125.0
2024-01-15,ORL,NYK,98.0,94.0
2024-01-15,DET,WAS,129.0,117.0
2024-01-15,SAS,ATL,99.0,109.0
2024-01-15,GSW,MEM,107.0,116.0
2024-01-15,CHI,CLE,91.0,109.0
2024-01-15,MIA,BKN,96.0,95.0
2024-01-15,BOS,TOR,105.0,96.0
2024-01-15,IND,UTA,105.0,132.0
2024-01-15,OKC,LAL,105.0,112.0
2024-01-16,DEN,PHI,121.0,126.0
2024-01-16,SAC,PHX,117.0,119.0
2024-01-16,OKC,LAC,117.0,128.0
2024-01-17,MIN,DET,124.0,117.0
2024-01-17,ORL,ATL,104.0,106.0
2024-01-17,SAS,BOS,98.0,117.0
2024-01-17,MIL,CLE,95.0,135.0
2024-01-17,HOU,NYK,94.0,109.0
2024-01-17,MIA,TOR,97.0,121.0
2024-01-17,CHA,NOP,112.0,132.0
2024-02-15,GSW,UTA,140.0,137.0
2024-01-17,DAL,LAL,110.0,127.0
2024-01-17,BKN,POR,103.0,105.0
2024-01-18,WAS,NYK,109.0,113.0
2024-01-18,CHI,TOR,116.0,110.0
2024-01-18,OKC,UTA,134.0,129.0
2024-01-18,MEM,MIN,103.0,118.0
2024-01-18,IND,SAC,126.0,121.0
2024-01-19,SAS,CHA,120.0,124.0
2024-01-19,PHI,ORL,124.0,109.0
2024-01-19,DEN,BOS,102.0,100.0
2024-01-19,ATL,MIA,109.0,108.0
2024-01-19,PHX,NOP,123.0,109.0
2024-04-02,DAL,GSW,100.0,104.0
2024-01-19,IND,POR,115.0,118.0
2024-01-19,BKN,LAL,130.0,112.0
2024-01-20,MIL,DET,141.0,135.0
2024-01-20,PHI,CHA,97.0,89.0
2024-01-20,SAS,WAS,131.0,127.0
2024-01-20,CLE,ATL,116.0,95.0
2024-01-20,TOR,NYK,100.0,126.0
2024-01-20,MEM,CHI,96.0,125.0
2024-01-20,UTA,HOU,126.0,127.0
2024-01-20,OKC,MIN,102.0,97.0
2024-01-21,BKN,LAC,114.0,125.0
2024-01-21,MIA,ORL,87.0,105.0
2024-01-21,DEN,WAS,113.0,104.0
2024-01-21,BOS,HOU,116.0,107.0
2024-01-21,IND,PHX,110.0,117.0
2024-01-21,POR,LAL,110.0,134.0
2024-01-22,MIL,DET,122.0,113.0
2024-01-22,CLE,ORL,126.0,99.0
2024-01-22,SAS,PHI,123.0,133.0
2024-01-22,MEM,TOR,108.0,100.0
2024-01-22,CHA,MIN,128.0,125.0
2024-01-22,BOS,DAL,119.0,110.0
2024-01-22,CHI,PHX,113.0,115.0
2024-01-22,ATL,SAC,107.0,122.0
2024-01-23,DEN,IND,114.0,109.0
2024-01-23,NYK,BKN,108.0,103.0
2024-01-23,UTA,NOP,124.0,153.0
2024-01-23,POR,OKC,109.0,111.0
2024-01-23,LAL,LAC,116.0,127.0
2024-01-24,CHA,DET,106.0,113.0
2024-01-24,MIN,WAS,118.0,107.0
2024-01-24,MEM,MIA,105.0,96.0
2024-01-24,OKC,SAS,140.0,114.0
2024-01-24,POR,HOU,137.0,131.0
2024-01-24,CLE,MIL,116.0,126.0
2024-01-24,PHX,DAL,132.0,109.0
2024-01-24,ATL,GSW,112.0,134.0
2024-01-25,PHI,IND,122.0,134.0
2024-01-25,UTA,WAS,123.0,108.0
2024-01-25,MIN,BKN,96.0,94.0
2024-01-25,BOS,MIA,143.0,110.0
2024-01-25,DEN,NYK,84.0,122.0
2024-01-25,SAC,GSW,134.0,133.0
2024-01-25,CHI,LAL,132.0,141.0
2024-01-26,DAL,ATL,148.0,143.0
2024-01-26,HOU,CHA,138.0,104.0
2024-01-26,PHX,IND,131.0,133.0
2024-01-26,LAC,TOR,127.0,107.0
2024-01-26,ORL,MEM,106.0,107.0
2024-01-26,CLE,MIL,112.0,100.0
2024-01-26,OKC,NOP,107.0,83.0
2024-01-26,POR,SAS,100.0,116.0
2024-01-27,WAS,DET,118.0,104.0
2024-01-27,MIA,NYK,109.0,125.0
2024-01-27,PHI,DEN,105.0,111.0
2024-01-27,HOU,BKN,104.0,106.0
2024-01-27,LAC,BOS,115.0,96.0
2024-01-27,UTA,CHA,134.0,122.0
2024-01-27,NOP,MIL,117.0,141.0
2024-01-27,MIN,SAS,112.0,113.0
2024-01-27,LAL,GSW,145.0,144.0
2024-01-27,SAC,DAL,120.0,115.0
2024-01-28,MEM,IND,110.0,116.0
2024-01-28,TOR,ATL,125.0,126.0
2024-01-28,OKC,DET,104.0,120.0
2024-01-28,PHX,ORL,98.0,113.0
2024-01-28,CHI,POR,104.0,96.0
2024-01-29,NYK,CHA,113.0,92.0
2024-01-29,LAC,CLE,108.0,118.0
2024-01-29,NOP,BOS,112.0,118.0
2024-01-29,UTA,BKN,114.0,147.0
2024-01-29,PHX,MIA,118.0,105.0
2024-01-29,LAL,HOU,119.0,135.0
2024-01-29,SAC,MEM,103.0,94.0
2024-01-29,MIN,OKC,107.0,101.0
2024-01-29,WAS,SAS,118.0,113.0
2024-01-29,ORL,DAL,129.0,131.0
2024-01-29,MIL,DEN,107.0,113.0
2024-01-29,PHI,POR,104.0,130.0
2024-01-30,LAL,ATL,122.0,138.0
2024-01-30,IND,BOS,124.0,129.0
2024-01-30,UTA,NYK,103.0,118.0
2024-01-30,TOR,CHI,118.0,107.0
2024-01-30,PHI,GSW,107.0,119.0
2024-01-31,CHI,CHA,117.0,110.0
2024-01-31,DET,CLE,121.0,128.0
2024-01-31,LAC,WAS,125.0,109.0
2024-01-31,PHX,BKN,136.0,120.0
2024-01-31,SAC,MIA,106.0,115.0
2024-01-31,NOP,HOU,110.0,99.0
2024-01-31,DAL,MIN,87.0,121.0
2024-01-31,ORL,SAS,108.0,98.0
2024-01-31,DEN,OKC,100.0,105.0
2024-01-31,MIL,POR,116.0,119.0
2024-02-01,LAL,BOS,114.0,105.0
2024-02-01,IND,NYK,105.0,109.0
2024-02-01,PHI,UTA,127.0,124.0
2024-02-01,CLE,MEM,108.0,101.0
2024-02-02,LAC,DET,136.0,125.0
2024-02-02,MIA,WAS,110.0,102.0
2024-02-02,PHX,ATL,120.0,129.0
2024-02-02,SAC,IND,133.0,122.0
2024-02-02,TOR,HOU,106.0,135.0
2024-02-02,GSW,MEM,121.0,101.0
2024-02-02,ORL,MIN,108.0,106.0
2024-02-02,CHA,OKC,106.0,126.0
2024-02-02,NOP,SAS,114.0,113.0
2024-02-02,POR,DEN,108.0,120.0
2024-02-03,BKN,PHI,136.0,121.0
2024-02-03,GSW,ATL,134.0,141.0
2024-02-03,SAC,CHI,123.0,115.0
2024-02-03,LAL,NYK,113.0,105.0
2024-02-03,MIL,DAL,129.0,117.0
2024-02-03,CLE,SAS,117.0,101.0
2024-02-04,ORL,DET,111.0,99.0
2024-02-04,PHX,WAS,140.0,112.0
2024-02-04,MEM,BOS,91.0,131.0
2024-02-04,IND,CHA,115.0,99.0
2024-02-04,LAC,MIA,103.0,95.0
2024-02-04,HOU,MIN,90.0,111.0
2024-02-04,TOR,OKC,127.0,135.0
2024-02-04,MIL,UTA,108.0,123.0
2024-02-04,POR,DEN,103.0,112.0
2024-02-05,LAL,CHA,124.0,118.0
2024-02-05,SAC,CLE,110.0,136.0
2024-02-05,DAL,PHI,118.0,102.0
2024-02-05,LAC,ATL,149.0,144.0
2024-02-05,GSW,BKN,109.0,98.0
2024-02-05,TOR,NOP,100.0,138.0
2024-02-06,HOU,IND,129.0,132.0
2024-02-06,DAL,BKN,119.0,107.0
2024-02-06,ORL,MIA,95.0,121.0
2024-02-06,MEM,NYK,113.0,123.0
2024-02-06,MIN,CHI,123.0,129.0
2024-02-06,OKC,UTA,117.0,124.0
2024-02-06,MIL,PHX,106.0,114.0
2024-02-07,TOR,CHA,123.0,117.0
2024-02-07,GSW,PHI,127.0,104.0
2024-02-07,CLE,WAS,114.0,106.0
2024-02-07,ATL,BOS,117.0,125.0
2024-02-07,SAS,MIA,104.0,116.0
2024-02-07,NOP,LAC,117.0,106.0
2024-02-07,DET,SAC,133.0,120.0
2024-02-08,GSW,IND,131.0,109.0
2024-02-08,SAS,ORL,111.0,127.0
2024-02-08,CLE,BKN,118.0,95.0
2024-02-08,DAL,NYK,122.0,108.0
2024-02-08,CHI,MEM,118.0,110.0
2024-02-08,MIN,MIL,129.0,105.0
2024-02-08,UTA,PHX,115.0,129.0
2024-02-08,DEN,LAL,114.0,106.0
2024-02-08,DET,POR,128.0,122.0
2024-02-09,ATL,PHI,127.0,121.0
2024-02-09,WAS,BOS,129.0,133.0
2024-02-09,HOU,TOR,104.0,107.0
2024-02-09,CHA,MIL,84.0,120.0
2024-02-09,DEN,SAC,106.0,135.0
2024-02-09,NOP,LAL,122.0,139.0
2024-02-10,OKC,DAL,111.0,146.0
2024-02-10,DET,LAC,106.0,112.0
2024-02-10,SAS,BKN,103.0,123.0
2024-02-10,MEM,CHA,106.0,115.0
2024-02-10,CHI,ORL,108.0,114.0
2024-02-10,PHI,WAS,119.0,113.0
2024-02-10,HOU,ATL,113.0,122.0
2024-02-10,IND,NYK,125.0,111.0
2024-02-10,CLE,TOR,119.0,95.0
2024-02-10,PHX,GSW,112.0,113.0
2024-02-10,NOP,POR,93.0,84.0
2024-02-11,BOS,MIA,110.0,106.0
2024-02-11,SAC,OKC,113.0,127.0
2024-02-12,IND,CHA,102.0,111.0
2024-02-12,PHI,CLE,123.0,121.0
2024-02-12,CHI,ATL,136.0,126.0
2024-02-12,SAS,TOR,122.0,99.0
2024-02-12,NYK,HOU,103.0,105.0
2024-02-12,NOP,MEM,96.0,87.0
2024-02-12,DEN,MIL,95.0,112.0
2024-02-12,WAS,DAL,104.0,112.0
2024-02-12,GSW,UTA,129.0,107.0
2024-02-12,MIN,LAC,121.0,100.0
2024-02-13,BOS,BKN,118.0,110.0
2024-02-13,OKC,ORL,127.0,113.0
2024-02-13,MIA,MIL,123.0,97.0
2024-02-13,SAC,PHX,125.0,130.0
2024-02-13,MIN,POR,121.0,109.0
2024-02-13,DET,LAL,111.0,125.0
2024-02-14,ATL,CHA,99.0,122.0
2024-02-14,NYK,ORL,100.0,118.0
2024-02-14,MIA,PHI,109.0,104.0
2024-02-14,BKN,BOS,86.0,136.0
2024-02-14,CHI,CLE,105.0,108.0
2024-02-14,IND,TOR,127.0,125.0
2024-02-14,HOU,MEM,113.0,121.0
2024-02-14,WAS,NOP,126.0,133.0
2024-02-14,SAS,DAL,93.0,116.0
2024-02-14,SAC,DEN,102.0,98.0
2024-02-14,DET,PHX,100.0,116.0
2024-02-14,LAL,UTA,138.0,122.0
2024-02-14,LAC,GSW,130.0,125.0
2024-02-15,MIL,MEM,110.0,113.0
2024-02-15,MIN,POR,128.0,91.0
2024-02-22,ORL,CLE,116.0,109.0
2024-02-22,DET,IND,115.0,129.0
2024-02-22,NYK,PHI,110.0,96.0
2024-02-22,BKN,TOR,93.0,121.0
2024-02-22,PHX,DAL,113.0,123.0
2024-02-22,BOS,CHI,129.0,112.0
2024-02-22,HOU,NOP,105.0,127.0
2024-02-22,LAC,OKC,107.0,129.0
2024-02-22,WAS,DEN,110.0,130.0
2024-02-22,CHA,UTA,115.0,107.0
2024-02-22,LAL,GSW,110.0,128.0
2024-02-22,SAS,SAC,122.0,127.0
2024-02-23,TOR,ATL,123.0,121.0
2024-02-23,CLE,PHI,97.0,104.0
2024-02-23,PHX,HOU,110.0,114.0
2024-02-23,LAC,MEM,101.0,95.0
2024-02-23,MIL,MIN,112.0,107.0
2024-02-23,WAS,OKC,106.0,147.0
2024-02-23,MIA,NOP,106.0,95.0
2024-02-23,CHA,GSW,84.0,97.0
2024-02-23,DEN,POR,127.0,112.0
2024-02-23,SAS,LAL,118.0,123.0
2024-02-24,ORL,DET,112.0,109.0
2024-02-24,BKN,MIN,86.0,101.0
2024-02-24,BOS,NYK,116.0,102.0
2024-02-25,MIL,PHI,119.0,98.0
2024-02-25,LAL,PHX,113.0,123.0
2024-02-25,DAL,IND,111.0,133.0
2024-02-25,CLE,WAS,114.0,105.0
2024-02-25,ORL,ATL,92.0,109.0
2024-02-25,OKC,HOU,123.0,110.0
2024-02-25,CHI,NOP,114.0,106.0
2024-02-25,DEN,GSW,119.0,103.0
2024-02-25,SAS,UTA,109.0,128.0
2024-02-25,CHA,POR,93.0,80.0
2024-02-25,SAC,LAC,123.0,107.0
2024-02-26,DET,NYK,111.0,113.0
2024-02-26,TOR,IND,130.0,122.0
2024-02-26,BKN,MEM,111.0,86.0
2024-02-26,MIA,SAC,121.0,110.0
2024-02-27,DAL,CLE,119.0,121.0
2024-02-27,BKN,ORL,81.0,108.0
2024-02-27,GSW,WAS,123.0,112.0
2024-02-27,UTA,ATL,97.0,124.0
2024-02-27,PHI,BOS,99.0,117.0
2024-02-27,NOP,NYK,115.0,92.0
2024-02-27,SAS,MIN,105.0,114.0
2024-02-27,DET,CHI,105.0,95.0
2024-02-27,CHA,MIL,85.0,123.0
2024-02-27,HOU,OKC,95.0,112.0
2024-02-27,MIA,POR,106.0,96.0
2024-02-28,NOP,IND,114.0,123.0
2024-02-28,DAL,TOR,136.0,125.0
2024-02-28,MEM,MIN,101.0,110.0
2024-02-28,CLE,CHI,123.0,132.0
2024-02-28,SAC,DEN,96.0,117.0
2024-02-28,LAL,LAC,116.0,112.0
2024-02-29,MIL,CHA,111.0,99.0
2024-02-29,UTA,ORL,107.0,115.0
2024-02-29,ATL,BKN,97.0,124.0
2024-02-29,GSW,NYK,110.0,99.0
2024-02-29,OKC,SAS,118.0,132.0
2024-02-29,HOU,PHX,105.0,110.0
2024-02-29,MIA,DEN,97.0,103.0
2024-02-29,WAS,LAL,131.0,134.0
2024-03-01,CLE,DET,110.0,100.0
2024-03-01,CHA,PHI,114.0,121.0
2024-03-01,DAL,BOS,110.0,138.0
2024-03-01,GSW,TOR,120.0,105.0
2024-03-01,POR,MEM,122.0,92.0
2024-03-01,SAC,MIN,124.0,120.0
2024-03-01,IND,NOP,102.0,129.0
2024-03-01,MIL,CHI,113.0,97.0
2024-03-01,WAS,LAC,115.0,140.0
2024-03-02,ATL,BKN,102.0,114.0
2024-03-02,UTA,MIA,120.0,126.0
2024-03-02,POR,MEM,107.0,100.0
2024-03-02,DEN,LAL,124.0,114.0
2024-03-02,HOU,PHX,118.0,109.0
2024-03-03,PHI,DAL,120.0,116.0
2024-03-03,GSW,BOS,88.0,140.0
2024-03-03,LAC,MIN,89.0,88.0
2024-03-03,DET,ORL,91.0,113.0
2024-03-03,CHA,TOR,106.0,111.0
2024-03-03,NYK,CLE,107.0,98.0
2024-03-03,IND,SAS,105.0,117.0
2024-03-03,OKC,PHX,118.0,110.0
2024-03-04,MEM,BKN,106.0,102.0
2024-03-04,LAC,MIL,106.0,113.0
2024-03-04,POR,MIN,114.0,119.0
2024-03-04,WAS,UTA,115.0,127.0
2024-03-04,CHI,SAC,113.0,109.0
2024-03-04,OKC,LAL,104.0,116.0
2024-03-05,ORL,CHA,101.0,89.0
2024-03-05,BOS,CLE,104.0,105.0
2024-03-05,PHI,BKN,107.0,112.0
2024-03-05,DET,MIA,110.0,118.0
2024-03-05,ATL,NYK,116.0,100.0
2024-03-05,NOP,TOR,139.0,98.0
2024-03-05,SAS,HOU,101.0,114.0
2024-03-05,IND,DAL,137.0,120.0
2024-03-05,PHX,DEN,117.0,107.0
2024-03-06,ORL,WAS,119.0,109.0
2024-03-06,CLE,ATL,101.0,112.0
2024-03-06,MEM,PHI,115.0,109.0
2024-03-06,LAC,HOU,122.0,116.0
2024-03-06,CHI,UTA,119.0,117.0
2024-03-06,MIL,GSW,90.0,125.0
2024-03-06,OKC,POR,128.0,120.0
2024-03-06,SAC,LAL,130.0,120.0
2024-03-07,BKN,DET,112.0,118.0
2024-03-07,MIN,IND,113.0,111.0
2024-03-07,MIA,DAL,108.0,114.0
2024-03-07,TOR,PHX,113.0,120.0
2024-03-07,BOS,DEN,109.0,115.0
2024-03-07,CHI,GSW,125.0,122.0
2024-03-07,SAS,SAC,129.0,131.0
2024-03-08,NOP,PHI,103.0,95.0
2024-03-08,CHA,WAS,100.0,112.0
2024-03-08,MIN,CLE,104.0,113.0
2024-03-08,ORL,NYK,74.0,98.0
2024-03-08,ATL,MEM,99.0,92.0
2024-03-08,MIA,OKC,100.0,107.0
2024-03-08,MIL,LAL,122.0,123.0
2024-03-08,HOU,POR,123.0,107.0
2024-03-09,CHI,LAC,102.0,112.0
2024-03-09,BKN,CHA,99.0,110.0
2024-03-09,DAL,DET,142.0,124.0
2024-03-09,BOS,PHX,117.0,107.0
2024-03-09,SAS,GSW,126.0,113.0
2024-03-09,UTA,DEN,121.0,142.0
2024-03-09,TOR,POR,118.0,128.0
2024-03-10,MIL,LAC,124.0,117.0
2024-03-10,NOP,ATL,116.0,103.0
2024-03-10,WAS,MIA,110.0,108.0
2024-03-10,PHI,NYK,79.0,73.0
2024-03-10,IND,ORL,111.0,97.0
2024-03-10,HOU,SAC,112.0,104.0
2024-03-10,BKN,CLE,120.0,101.0
2024-03-10,MEM,OKC,93.0,124.0
2024-03-10,MIN,LAL,109.0,120.0
2024-03-11,CHA,DET,97.0,114.0
2024-03-11,PHX,CLE,117.0,111.0
2024-03-11,DAL,CHI,127.0,92.0
2024-03-11,GSW,SAS,112.0,102.0
2024-03-11,TOR,DEN,119.0,125.0
2024-03-11,BOS,POR,121.0,99.0
2024-03-12,PHI,NYK,79.0,106.0
2024-03-12,WAS,MEM,97.0,109.0
2024-03-12,IND,OKC,121.0,111.0
2024-03-12,HOU,SAS,103.0,101.0
2024-03-12,BOS,UTA,123.0,107.0
2024-03-12,MIN,LAC,118.0,100.0
2024-03-12,MIL,SAC,94.0,129.0
2024-03-13,TOR,DET,104.0,113.0
2024-03-13,BKN,ORL,106.0,114.0
2024-03-13,CHI,IND,132.0,129.0
2024-03-13,DEN,MIA,100.0,88.0
2024-03-13,CHA,MEM,110.0,98.0
2024-03-13,CLE,NOP,116.0,95.0
2024-03-13,GSW,DAL,99.0,109.0
2024-03-13,ATL,POR,102.0,106.0
2024-03-13,LAL,SAC,107.0,120.0
2024-03-14,PHX,BOS,112.0,127.0
2024-03-14,LAC,CHI,126.0,111.0
2024-03-14,WAS,HOU,119.0,135.0
2024-03-14,PHI,MIL,105.0,114.0
2024-03-14,DAL,OKC,119.0,126.0
2024-03-14,NYK,POR,105.0,93.0
2024-03-15,PHX,CHA,107.0,96.0
2024-03-15,MIA,DET,108.0,95.0
2024-03-15,ORL,TOR,113.0,103.0
2024-03-15,LAC,NOP,104.0,112.0
2024-03-15,DEN,SAS,117.0,106.0
2024-03-15,ATL,UTA,122.0,124.0
2024-03-16,CLE,HOU,103.0,117.0
2024-03-16,BKN,IND,100.0,121.0
2024-03-16,CHA,PHI,98.0,109.0
2024-03-16,POR,NOP,107.0,126.0
2024-03-16,WAS,CHI,98.0,127.0
2024-03-16,OKC,MEM,118.0,112.0
2024-03-16,GSW,LAL,128.0,121.0
2024-03-16,MIN,UTA,119.0,100.0
2024-03-16,NYK,SAC,98.0,91.0
2024-03-17,PHX,MIL,129.0,140.0
2024-03-17,MIA,DET,104.0,101.0
2024-03-17,DEN,DAL,105.0,107.0
2024-03-17,TOR,ORL,96.0,111.0
2024-03-17,BOS,WAS,130.0,104.0
2024-03-17,BKN,SAS,115.0,122.0
2024-03-17,ATL,LAC,110.0,93.0
2024-03-18,CLE,IND,108.0,103.0
2024-03-18,DET,BOS,94.0,119.0
2024-03-18,MIA,PHI,91.0,98.0
2024-03-18,POR,CHI,107.0,110.0
2024-03-18,MIN,UTA,114.0,104.0
2024-03-18,NYK,GSW,119.0,112.0
2024-03-18,MEM,SAC,111.0,121.0
2024-03-18,ATL,LAL,105.0,136.0
2024-03-19,CHA,ORL,92.0,112.0
2024-03-19,HOU,WAS,137.0,114.0
2024-03-19,NOP,BKN,104.0,91.0
2024-03-19,DAL,SAS,113.0,107.0
2024-03-19,DEN,MIN,115.0,112.0
2024-03-20,MIA,CLE,107.0,104.0
2024-03-20,IND,DET,122.0,103.0
2024-03-20,MIL,BOS,119.0,122.0
2024-03-20,SAC,TOR,123.0,89.0
2024-03-20,UTA,OKC,107.0,119.0
2024-03-20,MEM,GSW,116.0,137.0
2024-03-20,PHI,PHX,102.0,115.0
2024-03-20,LAC,POR,116.0,103.0
2024-03-21,NOP,ORL,106.0,121.0
2024-03-21,SAC,WAS,102.0,109.0
2024-03-21,CHI,HOU,117.0,127.0
2024-03-21,BKN,MIL,108.0,115.0
2024-03-21,UTA,DAL,97.0,113.0
2024-03-21,NYK,DEN,100.0,113.0
2024-03-21,ATL,PHX,115.0,128.0
2024-03-22,BOS,DET,129.0,102.0
2024-03-22,OKC,TOR,123.0,103.0
2024-03-22,NOP,MIA,111.0,88.0
2024-03-22,CLE,MIN,91.0,104.0
2024-03-22,MEM,SAS,99.0,97.0
2024-03-22,IND,GSW,123.0,111.0
2024-03-22,LAC,POR,125.0,117.0
2024-03-22,PHI,LAL,94.0,101.0
2024-03-23,BKN,NYK,93.0,105.0
2024-03-23,SAC,ORL,109.0,107.0
2024-03-23,CHA,ATL,91.0,132.0
2024-03-23,TOR,WAS,109.0,112.0
2024-03-23,BOS,CHI,124.0,113.0
2024-03-23,UTA,HOU,119.0,147.0
2024-03-23,PHX,SAS,131.0,106.0
2024-03-23,DEN,POR,114.0,111.0
2024-03-24,NOP,DET,114.0,101.0
2024-03-24,PHI,LAC,121.0,107.0
2024-03-24,CLE,MIA,84.0,121.0
2024-03-24,OKC,MIL,93.0,118.0
2024-03-24,GSW,MIN,110.0,114.0
2024-03-24,IND,LAL,145.0,150.0
2024-03-25,CHA,CLE,92.0,115.0
2024-03-25,BOS,ATL,118.0,120.0
2024-03-25,DET,NYK,99.0,124.0
2024-03-25,BKN,TOR,96.0,88.0
2024-03-25,WAS,CHI,107.0,105.0
2024-03-25,POR,HOU,92.0,110.0
2024-03-25,PHX,SAS,102.0,104.0
2024-03-25,MEM,DEN,103.0,128.0
2024-03-25,DAL,UTA,115.0,105.0
2024-03-25,PHI,SAC,96.0,108.0
2024-03-25,IND,LAC,133.0,116.0
2024-03-26,GSW,MIA,113.0,92.0
2024-03-26,LAL,MIL,128.0,124.0
2024-03-26,OKC,NOP,119.0,112.0
2024-03-26,DAL,SAC,132.0,96.0
2024-03-27,CLE,CHA,111.0,118.0
2024-03-27,GSW,ORL,101.0,93.0
2024-03-27,BKN,WAS,122.0,119.0
2024-03-27,POR,ATL,106.0,120.0
2024-03-27,LAC,PHI,108.0,107.0
2024-03-27,NYK,TOR,145.0,101.0
2024-03-27,IND,CHI,99.0,125.0
2024-03-27,LAL,MEM,136.0,124.0
2024-03-27,DET,MIN,91.0,106.0
2024-03-27,HOU,OKC,132.0,126.0
2024-03-27,SAS,UTA,118.0,111.0
2024-03-27,PHX,DEN,104.0,97.0
2024-03-28,BOS,ATL,122.0,123.0
2024-03-28,MIL,NOP,100.0,107.0
2024-03-29,GSW,CHA,115.0,97.0
2024-03-29,LAL,IND,90.0,109.0
2024-03-29,LAC,ORL,100.0,97.0
2024-03-29,DET,WAS,96.0,87.0
2024-03-29,CHI,BKN,108.0,125.0
2024-03-29,PHI,CLE,114.0,117.0
2024-03-29,POR,MIA,82.0,142.0
2024-03-29,PHX,OKC,103.0,128.0
2024-03-29,NYK,SAS,126.0,130.0
2024-03-29,MIN,DEN,111.0,98.0
2024-03-29,HOU,UTA,101.0,100.0
2024-03-29,DAL,SAC,107.0,103.0
2024-03-30,BOS,NOP,104.0,92.0
2024-03-30,MEM,ORL,88.0,118.0
2024-03-30,MIL,ATL,122.0,113.0
2024-03-31,CLE,DEN,101.0,130.0
2024-03-31,LAL,BKN,116.0,104.0
2024-03-31,LAC,CHA,130.0,118.0
2024-03-31,PHI,TOR,135.0,120.0
2024-03-31,MIA,WAS,119.0,107.0
2024-03-31,OKC,NYK,113.0,112.0
2024-03-31,DAL,HOU,125.0,107.0
2024-03-31,CHI,MIN,109.0,101.0
2024-03-31,GSW,SAS,117.0,113.0
2024-03-31,UTA,SAC,106.0,127.0
2024-04-01,BOS,CHA,118.0,104.0
2024-04-01,MEM,DET,110.0,108.0
2024-04-01,BKN,IND,111.0,133.0
2024-04-01,POR,ORL,103.0,104.0
2024-04-01,ATL,CHI,113.0,101.0
2024-04-01,PHX,NOP,124.0,111.0
2024-04-02,OKC,PHI,105.0,109.0
2024-04-02,LAL,TOR,128.0,111.0
2024-04-02,MIL,WAS,113.0,117.0
2024-04-02,NYK,MIA,99.0,109.0
2024-04-05,GSW,DAL,106.0,108.0
2024-04-02,HOU,MIN,106.0,113.0
2024-04-02,SAS,DEN,105.0,110.0
2024-04-02,CLE,UTA,129.0,113.0
2024-04-02,LAC,SAC,95.0,109.0
2024-04-03,POR,CHA,89.0,86.0
2024-04-03,LAL,WAS,125.0,120.0
2024-04-03,DET,ATL,113.0,121.0
2024-04-03,OKC,BOS,100.0,135.0
2024-04-03,IND,BKN,111.0,115.0
2024-04-03,MEM,MIL,111.0,101.0
2024-04-03,TOR,MIN,85.0,133.0
2024-04-03,ORL,NOP,117.0,108.0
2024-04-03,CLE,PHX,101.0,122.0
2024-04-04,PHI,MIA,109.0,105.0
2024-04-04,SAC,NYK,109.0,120.0
2024-04-04,GSW,HOU,133.0,110.0
2024-04-04,DEN,LAC,100.0,102.0
2024-04-05,ORL,CHA,115.0,124.0
2024-04-05,OKC,IND,112.0,126.0
2024-04-05,POR,WAS,108.0,102.0
2024-04-05,SAC,BOS,100.0,101.0
2024-04-05,NYK,CHI,100.0,108.0
2024-04-05,MIA,HOU,119.0,104.0
2024-04-05,DET,MEM,90.0,108.0
2024-04-05,TOR,MIL,117.0,111.0
2024-04-05,SAS,NOP,111.0,109.0
2024-04-04,ATL,DAL,95.0,109.0
2024-04-05,MIN,PHX,87.0,97.0
2024-04-05,UTA,LAC,102.0,131.0
2024-04-06,CLE,LAL,97.0,116.0
2024-04-06,DET,BKN,103.0,113.0
2024-04-06,PHI,MEM,116.0,96.0
2024-04-06,ATL,DEN,110.0,142.0
2024-04-07,HOU,DAL,136.0,147.0
2024-04-07,CLE,LAC,118.0,120.0
2024-04-07,MIA,IND,115.0,117.0
2024-04-07,POR,BOS,107.0,124.0
2024-04-07,OKC,CHA,121.0,118.0
2024-04-07,CHI,ORL,98.0,113.0
2024-04-07,WAS,TOR,122.0,130.0
2024-04-07,NOP,PHX,113.0,105.0
2024-04-07,NYK,MIL,122.0,109.0
2024-04-07,PHI,SAS,133.0,126.0
2024-04-07,SAC,BKN,107.0,77.0
2024-04-07,UTA,GSW,110.0,118.0
2024-04-07,MIN,LAL,127.0,117.0
2024-04-09,DAL,CHA,130.0,104.0
2024-04-09,DET,PHI,102.0,120.0
2024-04-09,IND,TOR,140.0,123.0
2024-04-09,MIA,ATL,117.0,111.0
2024-04-09,BOS,MIL,91.0,104.0
2024-04-09,NYK,CHI,128.0,117.0
2024-04-09,ORL,HOU,106.0,118.0
2024-04-09,SAS,MEM,102.0,87.0
2024-04-09,WAS,MIN,121.0,130.0
2024-04-09,SAC,OKC,105.0,112.0
2024-04-09,DEN,UTA,111.0,95.0
2024-04-09,GSW,LAL,134.0,120.0
2024-04-09,LAC,PHX,105.0,92.0
2024-04-09,NOP,POR,110.0,100.0
2024-04-10,MEM,CLE,98.0,110.0
2024-04-10,CHA,ATL,115.0,114.0
2024-04-10,TOR,BKN,102.0,106.0
2024-04-10,DAL,MIA,111.0,92.0
2024-04-10,ORL,MIL,99.0,117.0
2024-04-10,SAS,OKC,89.0,127.0
2024-04-10,MIN,DEN,107.0,116.0
2024-04-10,PHX,LAC,124.0,108.0
2024-04-11,CHI,DET,127.0,105.0
2024-04-11,NYK,BOS,118.0,109.0
2024-04-11,HOU,UTA,121.0,124.0
2024-04-11,GSW,POR,100.0,92.0
2024-04-11,NOP,SAC,135.0,123.0
2024-04-12,ORL,PHI,113.0,125.0
2024-04-12,CHI,WAS,129.0,127.0
2024-04-12,CHA,BOS,98.0,131.0
2024-04-12,IND,CLE,120.0,129.0
2024-04-12,BKN,NYK,107.0,111.0
2024-04-12,TOR,MIA,103.0,125.0
2024-04-12,LAL,MEM,123.0,120.0
2024-04-12,ATL,MIN,106.0,109.0
2024-04-12,MIL,OKC,107.0,125.0
2024-04-12,DEN,SAS,120.0,121.0
2024-04-12,DET,DAL,107.0,89.0
2024-04-12,NOP,GSW,114.0,109.0
2024-04-12,HOU,POR,116.0,107.0
2024-04-12,UTA,LAC,110.0,109.0
2024-04-12,PHX,SAC,108.0,107.0
2024-04-14,WAS,BOS,122.0,132.0
2024-04-14,CHA,CLE,120.0,110.0
2024-04-14,ATL,IND,115.0,157.0
2024-04-14,TOR,MIA,103.0,118.0
2024-04-14,CHI,NYK,119.0,120.0
2024-04-14,MIL,ORL,88.0,113.0
2024-04-14,BKN,PHI,86.0,107.0
2024-04-14,DEN,MEM,126.0,111.0
2024-04-14,PHX,MIN,125.0,106.0
2024-04-14,LAL,NOP,124.0,108.0
2024-04-14,DAL,OKC,86.0,135.0
2024-04-14,DET,SAS,95.0,123.0
2024-04-14,UTA,GSW,116.0,123.0
2024-04-14,HOU,LAC,116.0,105.0
2024-04-14,POR,SAC,82.0,121.0
2023-12-05,NYK,MIL,122.0,146.0
2023-12-04,BOS,IND,112.0,122.0
2023-12-05,PHX,LAL,103.0,106.0
2023-12-04,NOP,SAC,127.0,117.0
2023-12-06,ORL,CLE,111.0,121.0
2023-12-06,MEM,DET,116.0,102.0
2023-12-06,MIA,TOR,112.0,103.0
2023-12-06,PHI,WAS,131.0,126.0
2023-12-06,BKN,ATL,114.0,113.0
2023-12-06,SAS,MIN,94.0,102.0
2023-12-06,CHA,CHI,100.0,111.0
2023-12-06,OKC,HOU,101.0,110.0
2023-12-06,UTA,DAL,97.0,147.0
2023-12-06,POR,GSW,106.0,110.0
2023-12-06,DEN,LAC,102.0,111.0
2023-12-08,TOR,CHA,116.0,119.0
2023-12-08,DET,ORL,91.0,123.0
2023-12-08,ATL,PHI,114.0,125.0
2023-12-08,WAS,BKN,97.0,124.0
2023-12-08,CLE,MIA,111.0,99.0
2023-12-08,MIN,MEM,127.0,103.0
2023-12-08,GSW,OKC,136.0,138.0
2023-12-08,CHI,SAS,121.0,112.0
2023-12-08,HOU,DEN,114.0,106.0
2023-12-08,LAC,UTA,117.0,103.0
2023-12-08,DAL,POR,125.0,112.0
2023-12-08,NYK,BOS,123.0,133.0
2023-12-08,SAC,PHX,114.0,106.0
2023-12-07,IND,MIL,128.0,119.0
2023-12-07,NOP,LAL,89.0,133.0
